11,3.889791965484619,0.47249099612236023,-6.925758570721882
25,3.833888126373291,0.4439927339553833,-6.6058507508512605
37,3.80552561378479,0.4433855712413788,-6.645625263550656
44,4.123427940368653,-0.3843919336795807,5.325803761968743
50,3.8354854583740234,0.4388934075832367,-6.527944399452807
53,3.8876664848327636,-0.3617815544605255,5.316564381414352
55,3.8257207050323485,0.45083863830566406,-6.720972425038099
60,3.7769139041900637,0.44955210185050964,-6.787770365084469
102,1.8412129707336427,0.46736895155906677,-14.242996341330652
103,1.8441944160461425,0.4687692732810974,-14.26177751058978
104,1.7585899610519409,0.44919695568084717,-14.32869227435721
105,1.8246516914367676,0.46583296966552734,-14.321672065612916
106,1.8714675846099853,0.4774951548576355,-14.313339521031509
107,1.8267240676879883,0.4691382260322571,-14.403389852207411
108,1.8458307151794433,0.47576015305519104,-14.453318557212839
109,1.669811637878418,0.4367934377193451,-14.659110675231318
110,1.7715945043563843,0.4631664366722107,-14.65149403250227
111,1.7084938764572144,0.4491641731262207,-14.729778232425929
112,1.7451280784606933,0.45902826499938965,-14.736931299659673
113,1.7660328998565673,0.467794362783432,-14.836031963873907
114,1.7450983600616454,0.46562681007385254,-14.939608709728034
115,1.734506609916687,0.4656714539527893,-15.028098348012435
116,1.8442804489135742,0.5006317834854126,-15.187034467641737
117,1.658540590286255,0.46299720215797424,-15.597575531857444
118,1.6778744716644287,0.4732628803253174,-15.75168718217013
121,1.4349677839279176,0.44521506333351135,-17.23709735589871
128,1.425916787147522,0.5077289133071899,-19.59938609725137
129,1.3282282476425171,0.48445060443878174,-20.03865500047685
130,1.165004758834839,0.44798329067230225,-21.03342100326178
153,3.2468057880401613,-0.010254567474126813,0.18095984846162594
160,3.657055660247803,-0.100944757938385,1.5811190507416484
161,3.700872745513916,-0.0933289234638214,1.4445836611812695
162,3.6609837112426757,-0.10764685320854187,1.6842286865424967
166,3.0640296688079833,-0.2968141522407532,5.533008083430815
167,2.969672458648682,-0.29665128254890444,5.704557349965171
169,2.8127416915893555,-0.2628506121635437,5.338783593607289
170,2.8286396503448485,-0.2678439953327179,5.409211304109917
171,2.743503423690796,-0.25867835474014284,5.3863573892194125
173,3.5555786972045897,-0.08230977749824524,1.3261303161065001
174,3.978497276306152,-0.08337342643737794,1.2005151791733653
175,3.566924053192139,-0.07076655435562135,1.1365795787475719
178,3.850421977996826,-0.06826871943473817,1.0157587200496891
184,4.27454174041748,0.22554836654663085,-3.02043982406623
185,4.279962020874024,0.22216267371177673,-2.9714211531536705
186,4.369364696502686,0.21695576298236846,-2.8426211973500415
187,3.8347525177001955,-0.07094708395004273,1.0599131902235825
188,3.4614330368041992,-0.06178717422485352,1.0226309012017936
189,3.694585094451904,-0.06804446983337403,1.0551171846468463
190,4.001894390106202,0.18729682159423827,-2.6796040141564816
191,3.9571467056274416,0.1816585669517517,-2.6284006464978233
192,4.248824729919433,0.18624262607097625,-2.5098916937684237
193,4.0149462623596195,0.17649929320812224,-2.517134009936399
194,4.192539161682129,0.18114063239097594,-2.4739525634868613
195,4.414559860229492,0.18336105442047118,-2.378443056862835
196,4.04327783203125,0.1694232776761055,-2.399430305816267
197,4.269815204620361,0.17152452766895293,-2.3004157644546837
198,4.171575378417969,0.16911097913980483,-2.321435404641221
199,4.378026462554931,0.169491586625576,-2.2170503930367147
200,4.819270732879639,0.17596403264999388,-2.0910880963839134
201,4.648925498962402,0.16825777792930602,-2.072791753481411
202,4.568576530456543,0.16474960839748382,-2.065275382823671
203,4.450221733093262,0.16320443791151046,-2.100285627953056
204,4.390681606292724,0.1552839478254318,-2.025518791847503
205,4.149415355682373,0.14983823043107986,-2.068091234887177
206,4.184478218078613,0.15152276742458343,-2.0738125812303707
207,4.159682685852051,0.1475906862616539,-2.0320726671379674
208,4.1553430633544925,0.14748713809251784,-2.0327671033052894
209,3.7877550926208494,0.14033927458524703,-2.121882640068705
210,4.341668281555176,0.1520616733431816,-2.005895366592185
211,4.052370296478271,0.14307663077116012,-2.0220963747938754
212,3.823430431365967,0.13876069569587707,-2.0784775792129437
213,3.887057746887207,0.1376941728591919,-2.0287832144390165
214,3.7947765502929687,0.13599856227636337,-2.052508246129406
215,3.909320610046387,0.13802262425422668,-2.022047109077917
216,3.814646572113037,0.13311952382326125,-1.9986368016763691
217,3.942154880523682,0.13201759040355682,-1.9180436100223375
218,3.8506010780334474,0.12941705667972564,-1.9249620677603758
219,4.086188892364502,0.12990601593255996,-1.8209046611156907
220,4.174317749023437,0.12681557673215865,-1.7401078771335392
221,4.238764011383057,0.12326413285732268,-1.6657036682569526
222,4.4443365020751955,0.12616535168886184,-1.626069784028786
223,4.366671463012695,0.12043204998970031,-1.5798072944359376
224,4.383170722961426,0.11705625897645949,-1.5297683502263482
225,4.27066979598999,0.11554818695783614,-1.5498291834320952
226,4.331915050506591,0.10925455486774444,-1.4447416551653873
227,3.8583233909606935,0.10271448940038681,-1.5249413959945741
228,3.775834117889404,0.09859309643507004,-1.49574499597108
229,4.007667793273926,0.09452434927225113,-1.351120557455559
230,3.7073269538879394,0.08854950144886971,-1.3682494969375085
231,4.108681484222412,0.08671528804302216,-1.2090697548807867
232,3.6105203857421877,0.076641386449337,-1.216048694514086
233,3.747334243774414,0.0694464970678091,-1.0616975959122072
234,3.8049860534667967,0.0666373245716095,-1.0033275102251338
235,3.7883585548400878,0.060292790114879605,-0.911801438682204
236,3.914058769226074,0.05856808671355247,-0.8572824168636117
237,3.8002336654663087,0.05195091316103935,-0.7832104357713519
238,4.419866531372071,0.048501968320459124,-0.6287172979853324
239,4.136630245208741,0.04483532678056508,-0.620982359831757
240,3.7281664352416994,0.0416113051418215,-0.6394706919008541
241,3.8830814361572266,0.041562546330504116,-0.6132417246415116
242,3.9893552322387693,0.0392822970226407,-0.5641606124204941
243,3.883002498626709,0.038392101816833016,-0.5664775458583051
244,3.9314068603515624,0.034140543647110465,-0.4975470515013285
245,3.984665351867676,0.0340503031462431,-0.48959975395257516
246,4.022352725982666,0.03398694992810488,-0.4841103159607343
247,3.6766906814575195,0.03458557241410017,-0.5389490326560065
248,3.9273410873413086,0.0341527449041605,-0.4982401003476582
249,3.7557007637023925,0.03445086358860135,-0.5255567065038207
250,3.4115778770446776,0.037880431029945615,-0.6361571434070186
251,3.7930634117126463,0.03438807195797563,-0.5194317089187308
252,4.057167301177978,0.03393201214075089,-0.4791805744684723
253,3.83056591796875,0.03532849199324846,-0.5284117652911817
254,4.086835372924805,0.03488596103340387,-0.4890751895615324
255,3.878121841430664,0.03208542096614837,-0.4740225647887115
256,3.70103596496582,0.035552166804671284,-0.5503665672527092
257,3.991480339050293,0.03405062258988619,-0.48876844518521523
258,3.9097838287353515,0.03419169700518251,-0.5010481601589873
259,3.9963040237426757,0.03404229284077883,-0.48805909586920393
260,3.866520393371582,0.034266405373811724,-0.5077611933462833
261,3.9972267036437987,0.03404069841653109,-0.48792358999534713
262,3.882499683380127,0.035238811682909724,-0.5200205819555919
263,3.948366153717041,0.035125072516500946,-0.5096957181239077
264,3.8041010513305666,0.03537591866403818,-0.5328019375942574
265,3.9926992073059084,0.03505024447292089,-0.5029628805453825
266,3.9248285903930666,0.03516744396835565,-0.5133707492708339
267,3.8609896316528323,0.03527768229320645,-0.5234942992386351
268,3.8822709465026857,0.03524266083911061,-0.5201080213925735
269,3.813192241668701,0.030143684014678,-0.45291970320458574
270,4.137258808135987,0.026784110888838766,-0.37092073386979507
271,3.634856906890869,0.027708871528506276,-0.43676289952865943
272,4.015547885894775,0.02624365338683128,-0.3744518090492335
273,3.914892330169678,0.02763004422187805,-0.4043683718580411
274,4.002287998199463,0.027294553890824316,-0.3907361235738165
275,3.920645774841309,0.026604119926691053,-0.3887829919138852
276,3.912632049560547,0.023450341314077375,-0.34339786630569336
277,3.7974997177124026,0.023973357170820234,-0.36169955026896616
278,4.292646945953369,0.017271969869732853,-0.23053506367729426
279,4.021327484130859,-0.14439797174930574,2.056495339750839
280,3.983767021179199,-0.1309375123977661,1.8825064430698148
282,4.0994947776794435,-0.11877657043933867,1.659593005705105
283,3.975956283569336,-0.12425638306140899,1.7900221696469316
284,3.9019283828735354,-0.12275607252120971,1.8019515236283894
285,4.025488117218018,-0.009557903945446013,0.13603978251462934
286,4.5348713607788085,-0.14700839579105376,1.8567256501435168
287,4.080284492492676,-0.12740551590919494,1.788460428065747
288,3.9778653030395508,-0.12390986740589141,1.7841774391561955
289,4.149844699859619,-0.1336415922641754,1.8445157230779756
290,4.349182224273681,-0.14107928335666656,1.8579157496463665
291,3.918913761138916,-0.12404294490814209,1.8129424624140285
292,3.7160904235839842,-0.12105848479270935,1.8658556070663934
293,4.0529049835205075,-0.1377226619720459,1.9462316855388053
294,4.105958259582519,-0.14685431706905366,2.0483762755957855
295,4.084958984375,-0.14881701064109804,2.0863899878997785
296,4.125884456634521,-0.14398745489120485,1.9987294358334537
297,4.077679786682129,-0.15259095323085786,2.14306677876462
298,4.168727779388428,-0.16371034872531892,2.2489102305693507
299,4.567730125427246,-0.19287569117546083,2.417919139621688
303,4.197915702819824,-0.223185355424881,3.043308099999635
305,4.3651273002624515,-0.2632829794883728,3.451617721775378
313,4.819476062774658,-0.2584149489402771,3.069196957930046
314,4.58760315322876,-0.4667817006111145,5.809765162638698
316,5.417474479675293,-0.31716666412353517,3.3505634162001883
317,5.053753898620606,-0.5438169150352478,6.1417671996615155
318,5.094725708007813,-0.3065497784614563,3.4433370929728255
319,4.641020233154297,-0.28583191919326784,3.524290414430112
320,4.887834362030029,-0.300783552646637,3.521380340466152
321,4.656126697540284,-0.47223208141326906,5.79123015327221
322,4.744571430206299,-0.2910336334705353,3.5101446432999808
323,4.5820158615112305,-0.4654698748588562,5.800565325092933
324,4.457299530029297,-0.4986806631088257,6.383679412295649
325,4.621820003509521,-0.2697806477546692,3.340626208431047
326,4.392858848571778,-0.4287655940055847,5.57470425337641
327,4.5564997749328615,-0.23807026553153993,2.99089872779669
328,4.467808967590332,-0.22993678164482118,2.9461407459753275
329,4.424110607147217,-0.2209962637424469,2.859701807817416
330,4.191995651245117,-0.38615419483184815,5.263063994760202
331,4.045944049835205,-0.39887819409370423,5.63043454174877
332,4.096658348083496,-0.3734227361679077,5.208289539113778
333,3.9961444358825684,-0.38097032737731934,5.445804434349796
334,4.221116634368896,-0.15649388563632965,2.123214127534368
335,3.841862533569336,-0.32742449474334717,4.871287816156979
339,3.689720607757568,-0.2941085076332092,4.557424316164457
341,3.776373989105225,-0.05199689042568206,0.7888556928347441
342,3.7171815719604493,-0.051195505976676936,0.7890658335279426
343,3.6588428382873532,-0.04184203422069549,0.6551982614699057
344,3.6434141311645507,-0.04951424723863601,0.7786056312162799
359,3.118354217529297,-0.35726057839393616,6.535711589532681
360,3.061855484008789,-0.3575208420753479,6.660044083681001
361,2.9146612243652346,-0.3503278727531433,6.853790466742865
362,2.9432044906616213,-0.35052152824401855,6.791662665770161
363,2.8897164344787596,-0.3370193476676941,6.652190432833848
365,2.824323673248291,-0.3133468563556671,6.330835594572392
368,2.647682907104492,-0.5452197895050048,11.635888574238734
369,2.4804283981323243,-0.531287488937378,12.089613768298648
370,0.18696033859252914,-0.5951526608467101,72.56049064573449
371,2.5006700134277344,-0.4661389904022217,10.559070503231183
372,2.6632657737731935,-0.16407679188251495,3.5253864565577544
373,2.6253786888122557,-0.14144564044475555,3.0839020004718236
374,2.4221478424072265,-0.40953224182128906,9.59670217268139
376,2.4315028610229494,-0.39478096055984496,9.222120527427762
377,2.544807083129883,-0.0833878675699234,1.876788221206482
378,2.523459644317627,-0.07293759381771088,1.655605282724892
379,2.4713585205078124,-0.0606794685125351,1.4065053814890973
380,2.4973223876953123,-0.0506184002161026,1.1611731186033154
381,2.497973426818848,-0.04314772742986679,0.989576921908423
382,2.1891285400390625,-0.4066873581409454,10.52419766181879
383,2.212245761871338,-0.34308014225959776,8.815337268809472
384,2.4705513229370117,-0.03115404760837555,0.7224706569762844
385,2.447322429656982,-0.027466859579086303,0.6430166454315867
386,2.1928980140686036,-0.046785650849342345,1.2222245187549419
387,2.382289783477783,-0.015450036227703093,0.37157925320316565
388,2.0614619064331055,-0.39100921177864073,10.740031912466549
389,2.021894519805908,-0.3933250777721405,11.008426265127738
390,2.343061668395996,-0.02342039573192596,0.5726887858302518
391,1.8663361740112303,-0.39422108459472655,11.927109538181114
392,2.222844512939453,-0.024573894619941708,0.6333880235234943
393,2.213156623840332,-0.017076995790004726,0.4420926912136167
394,2.13773148727417,-0.022223394930362697,0.5956130958334427
395,2.1936488342285156,-0.016194737315177912,0.4229816674492213
396,2.165163070678711,-0.02242124712467193,0.5933026164499609
397,2.098658676147461,-0.0298986667394638,0.816212542585177
398,2.044615322113037,-0.032111951112747186,0.899791757559953
399,2.0171771697998047,-0.03394395405054093,0.9640510500784245
400,1.985735969543457,-0.039836819410324104,1.1492844594217786
401,1.9698820991516115,-0.04513261961936951,1.3124929117674782
402,1.9705682792663572,-0.05192634212970734,1.5094487943018322
403,1.969987979888916,-0.04910035181045533,1.427755211721717
404,1.911474349975586,-0.06260949325561524,1.8760270935856056
405,1.8860485229492188,-0.06848983418941498,2.07972107524256
408,1.8344051856994628,-0.09013828587532044,2.813115008642896
410,1.7502401847839355,-0.10024245035648346,3.277951045511813
412,1.7909392852783204,-0.11251878690719605,3.5949791087773946
413,1.7342729949951172,-0.11678092133998871,3.8523163967706324
417,1.4362947845458987,-0.1467121387720108,5.832321117555054
419,1.5856564903259276,-0.15338790369033814,5.525294701710365
420,1.5290731697082518,-0.15801653015613557,5.900081166287265
422,1.4521599082946777,-0.16410307335853577,6.447425770647882
423,1.4020028495788575,-0.16490287828445435,6.7082795208834085
424,1.3853130836486818,-0.16468350338935853,6.779402121321027
425,1.3177099838256834,-0.16437892365455628,7.110681273339779
427,1.2835121994018555,-0.16975767660140992,7.534227106927517
429,1.2268344039916994,-0.17178335332870484,7.970825890583029
432,1.1579627227783202,-0.16431918287277222,8.076558956363513
465,0.5466555061340332,0.20949548405408858,-20.968394675465433
467,0.416629684448242,0.23728442454338072,-29.662947855385028
468,0.35123585319519046,0.22732433193922041,-32.911460135223116
469,0.42448273658752456,0.23600523233413695,-29.073320188182322
470,0.4073954429626463,0.24074433803558348,-30.580338818906142
471,0.42457271385192863,0.250333114027977,-30.524106308780503
472,0.39960354042053225,0.24681173121929167,-31.701199237547904
473,0.39797840690612807,0.24678905165195464,-31.80332598478431
474,0.41796193695068373,0.2581075713634491,-31.696925474745427
475,0.4367959785461424,0.26154547786712645,-30.912406671809165
476,0.42636635780334453,0.2452005133628845,-29.90292695003825
477,0.40964391708374004,0.25517822659015654,-31.919889998599153
478,0.40379152870178237,0.24172326779365538,-30.906165961065177
479,0.4214013633728029,0.25294054901599883,-30.97372601377961
480,0.4129189796447754,0.2499390081167221,-31.18643321277159
481,0.3854749279022216,0.24626274263858794,-32.57269488007119
482,0.36548550987243633,0.24028250432014464,-33.32226896945947
483,0.3697132205963136,0.2377835348844528,-32.747369086416434
484,0.3828355407714845,0.23561119890213011,-31.609683769382443
485,0.3983449802398682,0.2229418069720268,-29.234438451901283
486,0.388410150527954,0.22523759907484053,-30.109285882514207
487,0.4345505828857421,0.23893106043338774,-28.80352903423463
488,0.918702495574951,1.0523591494560243,-48.87925818793201
489,0.43874904060363784,0.23900620698928832,-28.579104276243093
490,0.47376660346984867,0.2401687955856323,-26.88203811529342
491,0.45741354560852043,0.24224481046199797,-27.90555712855931
492,0.4742984943389894,0.23740489840507506,-26.589752210150728
494,0.24337687301635746,-0.2907801115512848,50.07137249201574
495,0.7397521743774416,0.21741445422172545,-16.378154237042267
496,0.7530770568847656,0.2148450320959091,-15.922895685771906
497,0.7598160095214843,0.21204479843378066,-15.593029306226157
1065,0.7848089933395386,-0.10858498430252073,7.877345846546035
1115,0.2473556098937988,0.012440117359161396,-2.879118819018629
1149,0.5083338832855224,0.02895287036895755,-3.259839640555171
1186,1.8383717041015626,-0.0536723012924194,1.6723076373446162
1187,0.34858205223083494,-0.013343739032745328,2.1922150320791474
1195,1.8770626754760742,-0.04881721782684323,1.4897692167675274
1197,1.8583725662231445,-0.04389458942413327,1.353069464187456
1198,1.8106085033416748,-0.028304696559905973,0.8956146853743405
1199,1.7428687782287597,-0.03391248035430905,1.1147120540746869
1202,1.6569711666107179,-0.054840088367462125,1.8956027464909084
1205,1.794857069015503,-0.05324870395660397,1.699317138986089
1206,0.3739858112335206,-0.003643155574798551,0.5581250141327985
1207,0.32026772117614755,-0.018223107337951627,3.2565958620659075
1211,0.41663777542114255,-0.012967812538146939,1.7827503440552164
1212,0.43098222923278806,-0.0076607341766357084,1.0183285724693576
1214,0.3658901424407959,-0.006621109962463345,1.0367053164423083
1215,0.3619004459381103,-0.004688250541686978,0.7421984345260455
1216,1.7878021697998048,-0.056113111495971646,1.7977321011790224
1218,1.8119315605163575,-0.05757271003723141,1.8199163420371747
1220,1.6454408187866212,-0.03599921321868893,1.253326138052529
1221,0.2885616054534912,-0.025642965793609585,5.0782377833145915
1222,1.6761393051147462,-0.032847438812255825,1.1226863628772037
1223,1.8041047554016114,-0.05016425704956051,1.5927344652844653
1224,1.754170534133911,-0.020187591075897182,0.6593502086353595
1225,0.32683789443969724,-0.014711295127868618,2.577199875838815
1226,0.3516868324279785,-0.007966850757598842,1.2977138314010261
1227,1.6611858577728271,-0.03750375366210934,1.2933181566467198
1228,1.7114093742370606,-0.06619200563430783,2.214919020362771
1229,0.4802930793762208,0.0033530249595642436,-0.39998714553134107
1230,0.42021159744262704,-0.012319658756256069,1.6793023394952797
1231,0.41526338577270505,-0.014349567413330044,1.9790876583673622
1232,0.397971290588379,-0.018599497795104947,2.6758157502228244
1233,0.35961689376831063,-0.017548919200897184,2.793756448781636
1234,0.3486996345520019,-0.008192003250122037,1.3458026415893016
1235,0.32440008544921883,-0.015076578140258756,2.6609215021970414
1236,0.296718828201294,-0.023529053211212125,4.533923163241099
1237,0.3860838336944581,-0.02217870998382565,3.2877611574774335
1238,0.4442953987121583,-0.00799377107620236,1.030755517234752
1239,0.26628939247131345,-0.032516671657562224,6.961937109433279
1240,0.4179846439361572,-0.013046099185943572,1.7877303520038623
1241,0.40478431892395017,-0.00784838247299191,1.1107714239881261
1242,0.3598513317108154,-0.004195213794708219,0.6679346012109164
1243,0.29296697998046883,-0.02509015846252438,4.89495774166744
1244,0.295601266860962,-0.02437520074844357,4.713929542012977
1245,0.2954634609222413,-0.02441257286071774,4.723316304738816
1246,0.2792492561340332,-0.02709090757369992,5.541115713355126
1247,0.243759220123291,-0.03917457008361813,9.129943027158802
1248,0.2833133392333984,-0.028438939094543425,5.732138362149172
1249,0.3311090393066407,-0.015194965839385954,2.6275242148430635
1250,0.2531676216125489,-0.03634954833984372,8.170629189390695
1251,0.38698903656005856,-0.019625021457672087,2.9031015747500675
1252,0.33718666076660164,-0.013002528190612761,2.208334830777474
1253,0.3574763202667237,-0.008495595455169647,1.3614052926179028
1254,0.2492283248901368,-0.037875916957855194,8.641277206279426
1255,0.23357893371582028,-0.043273773193359344,10.49584431250284
1256,0.2602663173675537,-0.03416810369491574,7.479093980758549
1257,0.35541845703124997,-0.009782711029052704,1.5766389192605885
1258,0.32980991744995114,-0.016733327865600556,2.9044841300350583
1259,0.31246138954162594,-0.021441975593566864,3.9256424988438994
1260,0.3248946800231933,-0.01806739902496335,3.182940980897058
1261,0.3393275146484376,-0.013878623008727997,2.3421135252810927
1262,0.522143138885498,0.014345666408538849,-1.5737818919805022
1263,0.37555505180358884,-0.024099210262298554,3.6716121026418875
1264,0.2900870914459228,-0.04698996973037717,9.201176552366704
1265,0.5431033973693848,0.019105144023895293,-2.0147046199929406
1266,0.4626404647827149,-0.0009975228309631046,0.12353817697297131
1267,0.27346462059021004,-0.031754950046539276,6.623571274602654
1268,0.36957813644409176,-0.025666752815246552,3.9727434852865287
1269,0.5465928916931153,0.02102031373977664,-2.2023375590540724
1270,0.6057498588562011,0.036272844314575226,-3.426830637737268
1271,0.5603467826843263,0.02462746763229373,-2.516553149974783
1272,0.3782959117889404,-0.024904051780700653,3.766472293802181
1273,0.4698495998382568,0.0006309356689453427,-0.07693936369923904
1274,0.3925211563110351,-0.019649663925170868,2.8658423746270074
1275,0.42534805679321286,-0.012597003936767548,1.6963619419091174
1276,0.39406920814514157,-0.019778337478637664,2.8732647423432525
1277,0.3674962654113769,-0.025212790966033904,3.9247375116282512
1278,0.4116819038391113,-0.015171554088592498,2.1105441096089237
1279,0.40027929687499997,-0.01815399169921872,2.5967738656571413
1280,0.3609667682647706,-0.028698232173919647,4.5456711602707
1281,0.4066849613189698,0.004860494136810334,-0.6847377418200296
1282,0.3145566120147705,-0.019873347282409637,3.615080669590398
1283,0.3533814086914062,-0.030420687198638885,4.9201528764767914
1284,0.6059899463653564,0.05922660589218143,-5.582091207375299
1285,0.39953185462951657,0.003190431594848664,-0.4575214159796843
1286,0.3150909080505371,-0.040435996055602996,7.312866301484391
1287,0.29611851119995114,-0.045398499965667694,8.71625871634626
1288,0.530946268081665,0.01602337121963504,-1.7285986093677508
1289,0.2906832828521728,-0.02635296821594235,5.1801997750415865
1290,0.24671198272705075,-0.038287487030029266,8.821421172153464
1291,0.2998988761901855,-0.04294123888015744,8.14855150960534
1292,0.3600490226745605,-0.027165915966033904,4.314825717660781
1293,0.4253115787506103,-0.010049846172332733,1.3536114864051285
1294,0.32447005653381344,-0.03649708271026608,6.417775584623797
1295,0.3943328990936279,-0.019174495697021454,2.7838231288027373
1296,0.43790556335449216,-0.007746914386749237,1.0135043707316385
1297,0.678545726776123,0.05536462926864627,-4.664605459088193
1298,0.3878665103912353,-0.020870426654815644,3.0800166198040415
1299,0.3581836357116699,-0.009032169342040985,1.4444979715015478
1300,0.45551158332824704,-0.0031294617652892764,0.39362803688531756
1301,0.24076343917846676,-0.03990205764770505,9.41017480180912
1302,0.42437054061889645,-0.010296669006347625,1.3899172778381796
1303,0.5791144504547119,0.030287299156188996,-2.9938034368405653
1304,0.3300011291503906,-0.0350464844703674,6.062152210493693
1305,0.31034375572204587,-0.04020192861557004,7.380992289913479
1306,0.5154357089996338,0.013586614131927521,-1.5099369585157518
1307,0.4462585582733154,-0.0045562052726745295,0.584957437349999
1308,0.4441366329193115,-0.005112674236297576,0.659530639289386
1309,0.5101370944976806,0.012196931838989289,-1.3696310440161739
1310,0.4522748126983642,-0.002978351116180389,0.3773026429800268
1311,0.33319569969177243,-0.034208621978759735,5.861919053216795
1312,0.3111295833587646,-0.020803477764129608,3.8253510646003974
1313,0.3603677883148193,-0.027082350254058807,4.29781193002286
1314,0.42721058273315426,-0.009551789760589569,1.2808345448577825
1315,0.3122232093811035,-0.03970899820327756,7.248047701762474
1316,0.35446907424926755,-0.028629329204559295,4.61757302074804
1317,0.5446636810302734,0.021252069473266633,-2.234473401219944
1318,0.3276715412139892,-0.035657432079315154,6.2105263689283134
1319,0.37778760337829587,-0.024036970138549774,3.640572121614909
1320,0.3365380172729493,-0.015635780811309785,2.6600872270907985
1321,0.7004835014343263,0.05862928199768069,-4.7844082026806944
1322,0.3754614467620849,-0.02612226438522336,3.979869520057278
1323,0.25785392570495613,-0.035992005825042694,7.9461719287316726
1324,0.2944085006713868,-0.026070455074310273,5.060455045992768
1325,0.5350336437225343,0.017988702297210724,-1.9256520259427958
1326,0.3701012268066406,-0.005797544479370087,0.8974508592897905
1327,0.3675820960998535,-0.006481269359588593,1.0101441499919304
1328,0.4129600658416748,-0.015837231636047333,2.1962464155441523
1329,0.3685092334747315,-0.028202287673950166,4.376358182860386
1330,0.3952583675384522,-0.020205715656280487,2.926428470229368
1331,0.3839651947021485,-0.023159602642059296,3.4517237628814144
1332,0.3863157634735108,-0.02101478910446164,3.113704597052319
1333,0.3869575862884522,-0.02237693405151364,3.309607151557813
1334,0.3630139236450196,-0.005936184883117646,0.9368456870729744
1335,0.326889289855957,-0.016038576126098603,2.808921622263398
1336,0.4063553943634033,-0.01756475305557248,2.4750751520858074
1337,0.4323876037597656,-0.009194055557250946,1.2181228256188774
1338,0.3505126838684083,-0.011842779636383027,1.935117613765712
1339,0.3622333412170411,-0.008661620140075654,1.3697792798769086
1340,0.3922732009887695,-0.021248141288757294,3.100492843307734
1341,0.4174354209899902,-0.014666656017303437,2.0122680302138036
1342,0.40680910491943356,-0.017446080207824677,2.4556349290348436
1343,0.4335930480957031,-0.01044044828414914,1.3793534191911903
1344,0.40868498229980466,-0.01695541477203366,2.3757097667037783
1345,0.412369026184082,-0.014444211483001679,2.0061015500211994
1346,0.4337291851043701,-0.008842209339141816,1.1678972184678003
1347,0.3606250419616699,-0.008369544506072968,1.329506967820393
1348,0.534995569229126,0.01771642827987674,-1.896661997375503
1349,0.5358417167663574,0.024476489067077667,-2.6153718758928903
1350,0.4204731121063232,-0.012318769454956024,1.678137412521835
1351,0.3943333759307861,-0.019174316883087128,2.7837938478438105
1352,0.4393499031066894,-0.007368067264556855,0.9607822473284102
1353,0.5043822193145753,0.008813712596893342,-1.0011002058945309
1354,0.42394718170166024,-0.013224998474121064,1.7867578378289153
1355,0.4734194412231445,-2.3404121398895583e-05,0.002832493263923652
1356,0.501736177444458,0.007383128643035919,-0.8430557744550526
1357,0.4289415016174316,-0.011657098293304413,1.5567115225827024
1358,0.521157278060913,0.01246299409866336,-1.3699144497739155
1359,0.4666261806488037,-0.00021449661254879793,0.026337462969181047
1360,0.4837374820709228,0.002675374984741241,-0.31687875766027673
1361,0.4713013305664062,-0.0005774292945861514,0.07019764818689112
1362,0.42034317398071286,-0.013906100749969452,1.8948098750677218
1363,0.44641160202026375,-0.006872322559356658,0.8819752330997517
1364,0.4043578300476074,-0.01761033773422238,2.4937338874023993
1365,0.4452007675170899,-0.006665911674499481,0.8578153864979328
1366,0.36163577079772957,-0.02701207637786862,4.271727017629175
1367,0.4429025783538818,-0.008005419731140107,1.035502717353296
1368,0.514799680709839,0.010538538932800323,-1.172746411089122
1369,0.4464641475677491,-0.0073354039192199405,0.9412847052938957
1370,0.4563227558135987,-0.003178993225097626,0.39914719577731717
1371,0.44942261123657223,-0.006300071239471405,0.803127929118304
1372,0.4497075214385986,-0.006225565433502167,0.7931284747215699
1373,0.6246053371429443,0.039997849464416535,-3.664046637189628
1374,0.420054521560669,-0.011690881252288787,1.5942341911304254
1375,0.5403307342529298,0.019853386878967316,-2.1042737688811
1376,0.4513657951354981,-0.0034789705276488947,0.44160719156856487
1377,0.40034302711486824,-0.016860511302947967,2.4115958845963235
1378,0.4639004135131837,-0.00019159555435177555,0.023663734055588748
1379,0.7234218978881837,0.06787184238433841,-5.359832176403799
1380,0.557458724975586,0.0226964092254639,-2.3314562677983304
1381,0.43679985046386727,-0.007299151420593231,0.9573530056627391
1382,0.4613274002075196,-0.0008663797378539728,0.10760220193617442
1383,0.4231665992736817,-0.010874655246734588,1.4720791892304703
1384,0.43321379661560067,-0.008239593505859344,1.089616772063394
1385,0.41789134979248055,-0.013808991909027069,1.8926191361008904
1386,0.5076144599914552,0.011273059844970734,-1.272210801075616
1387,0.559782590866089,0.023304316997528107,-2.383904832611478
1388,0.5774353408813477,0.02858467960357669,-2.8339894306786846
1389,0.5157966747283935,0.01268126630783084,-1.408378010146734
1390,0.4075820579528808,-0.017243901252746552,2.422613766337463
1391,0.45763589286804196,-0.0025723371505737003,0.3220519027218671
1392,0.4514489307403564,-0.004194954395294159,0.5323886010731513
1393,0.5209005012512207,0.01239576005935672,-1.363198375412054
1394,0.4955725803375244,0.00737716817855838,-0.8528506230092745
1395,0.5118873252868652,0.01003827714920047,-1.1234448973786044
1396,0.5152406826019287,0.010915419101715118,-1.2136345786275768
1397,0.48677009391784676,0.006330881118774445,-0.7451409255164094
1398,0.4746995105743408,0.0054944024085998855,-0.6631395335851522
1399,0.47609449768066403,0.007453726291656526,-0.8969483424075122
1400,0.3994151229858398,0.009321259021759065,-1.3368844751288407
1401,0.44762781715393074,0.0023133621215820632,-0.2961047123254872
1402,0.39010299110412605,-0.010830713748931853,1.5903359590239177
1403,0.5006381359100343,0.019470095157623324,-2.227142307006517
1404,0.41053992080688473,-0.002597630500793424,0.36252571488374485
1405,0.6192133979797363,0.05286467027664188,-4.879732163151687
1406,0.3829039630889892,-0.009411335468292203,1.4079803471152132
1407,0.41292491531372066,-0.002432180881500212,0.33747561076282295
1408,0.339216381072998,-0.0220227971076965,3.7145758442512147
1409,0.3525795040130615,0.0026849374771118484,-0.43630616753955564
1410,0.320786148071289,-0.006078614234924284,1.085574506964619
1411,0.41686192131042477,-0.0013857617378234544,0.19046596117360082
1412,0.3908689785003663,-0.009567333698272673,1.4021537584148405
1413,0.32416167831420895,-0.027515305519103972,4.851717796466872
1414,0.45230451202392574,0.009034335136413607,-1.144274352248047
1415,0.44974270439147945,0.00835347127914432,-1.0640831209648525
1416,0.36847851943969734,0.009313404083251986,-1.4478595896684539
1417,0.4299645252227784,0.005960762023925814,-0.794262338951782
1418,0.39211216545104977,-0.0028859252929687162,0.4216863650581075
1419,0.3820801544189454,-0.002234029293060269,0.3350055994113461
1420,0.3522967605590821,-0.009696650028228726,1.5766165082285255
1421,0.4470766563415527,0.01761044311523441,-2.2557265823849093
1422,0.3656407375335693,-0.0007975316047668102,0.12497273368279593
1423,0.3639128665924072,0.001340725421905553,-0.2110877840791261
1424,0.3312603435516357,-0.0014477458000182741,0.2504048481543748
1425,0.3503385257720948,0.006547395706176795,-1.0706629373603391
1426,0.4068059864044189,0.026381927013397255,-3.710514054407497
1427,0.29894091224670416,0.0025185179710388583,-0.4826941732769541
1428,0.3588729267120361,0.021437687873840372,-3.4185670035453484
1429,0.2637345638275146,0.025005634784698527,-5.416230346383784
1430,0.30987017631530756,0.019574889659881634,-3.6146435162473125
1431,0.32909214591979974,0.029121706008911175,-5.056990661256208
1432,0.17712058830261235,0.0004020681381226021,-0.13006262028791582
1433,0.2557822170257569,0.026645290851593062,-5.947153327191245
1434,0.23536495208740238,0.039401876926422164,-9.503621087692409
1435,0.2773864135742188,0.033200741767883346,-6.8253369192928375
1436,0.2654713935852051,0.034898533344268845,-7.489087040087668
1437,0.25765962982177726,0.035992172241210985,-7.952123648522004
1438,0.24095444869995108,0.036153939247131395,-8.533270654938633
1439,0.2389458866119385,0.0384974746704102,-9.152488017835466
1440,0.22928828620910635,0.04195855045318608,-10.370087603031891
1441,0.2145692253112792,0.04026822233200078,-10.629068546895795
1442,0.19441937255859365,0.04026346683502202,-11.700325064590515
1443,0.19413949012756349,0.04252021789550786,-12.353789804223851
1444,0.14808657836914052,0.03213281011581426,-12.242632976276568
1445,0.1576502113342284,0.05760950422286992,-20.073623523349866
1446,0.16432562065124512,0.04376830530166631,-14.914534117883562
1447,0.10827395725250244,0.030535848617553762,-15.749722802581843
1448,0.17921435356140147,0.05669002199172979,-17.5534771961309
1449,0.08641280364990234,0.03369401359558111,-21.301766533513657
1450,0.16252063751220702,0.06280237197875982,-21.127880935342816
1451,0.18019398498535155,0.06983454084396368,-21.183940303987313
1452,0.12056616210937499,0.05519428205490118,-24.59795046778153
1453,0.15690553855895994,0.06841977787017828,-23.559951793590443
1454,0.1947294750213624,0.08346638727188105,-23.201299433232265
1455,0.1316425094604492,0.06877492809295649,-27.584235631377837
1456,0.06065482902526864,0.05007118225097651,-39.54002186944237
1457,0.060873526573181236,0.05238254404067988,-40.71246793781213
1458,0.09655975532531746,0.06550808286666865,-34.15375893125927
1459,0.1020562057495118,0.07513800096511836,-36.3620376454588
1460,0.10295251464843758,0.07746842336654658,-36.9602727549453
1461,0.12472096061706539,0.08690218257904048,-34.86773766321888
1462,0.12902014541625983,0.09064577150344844,-35.09075267690482
1463,0.005004119873046831,0.05750888013839717,-85.02694903662463
1464,0.03161707210540765,0.0504913997650146,-57.94572536817221
1465,0.05641948604583735,0.08335646009445186,-55.908050874315016
1466,0.00028568267822270954,0.06917812442779536,-89.76338880493397
1467,0.02045513248443598,0.07952663612365718,-75.57556013527324
1468,0.09599329566955572,0.04617951917648311,-25.690823328461036
1469,0.061278099060058544,0.06073278093338008,-44.74392268040872
1470,0.10701253032684321,0.05140645503997798,-25.658601014923704
1471,0.08521978664398189,0.0601874241828918,-35.23207592256282
1472,0.09895520496368415,0.05963585567474361,-31.075481500248827
1473,1.8184925022125245,-0.7006618152856827,21.0715821245998
1474,0.08620684909820553,0.0753588714599609,-41.1587653253827
1475,0.06994329643249508,0.08175350904464718,-49.451729349547534
1476,1.7461999988555907,-0.6924893093109131,21.63175696105631
1477,1.5524896726608277,0.7197811622619629,-24.873865214075522
1478,1.4944910831451417,0.7039241342544555,-25.221026547729082
1479,1.4979119338989257,0.7086084632873535,-25.317153567329356
1480,1.5210377950668335,0.7196518330574035,-25.320334757011125
1481,1.5908435573577882,0.7496602087020874,-25.231426296863333
1482,1.4774177227020264,0.7196544685363769,-25.970847804803697
1483,1.5598089332580567,0.7547012248039245,-25.819651594355264
1484,1.3407822694778442,0.6819761672019958,-26.959732273372808
1485,1.448896460533142,0.7273140230178833,-26.655640335037106
1486,1.422754599571228,0.7228463568687439,-26.933355010327723
1487,1.3921776037216187,0.7192662763595581,-27.32306342038205
1488,1.4273034038543702,0.7381972479820251,-27.34787632521588
1489,1.345795669555664,0.715018253326416,-27.98160943470991
1490,1.3451692924499512,0.720985095500946,-28.19045982329991
1491,1.3509325332641602,0.7281335401535034,-28.32403987968194
1492,1.4145113983154296,0.7439498114585876,-27.741730885645616
1493,1.3930554628372191,0.7422956762313843,-28.05111688447444
1494,1.3775567264556885,0.7413878974914551,-28.28871410797786
1495,1.352843231201172,0.7370245990753174,-28.58140488515125
1496,1.3892155561447144,0.7550249762535095,-28.523644642384646
1497,3.605475341796875,-0.045126416563987734,0.7170810975942743
1498,3.2967790203094482,-0.0334462605714798,0.5812533440188901
1499,3.422659521102905,0.012342347919940946,-0.2066116642623541
1500,3.4374421367645263,0.011873572289943693,-0.19790962210848306
1501,3.413369749069214,0.012399493873119352,-0.20813319221313975
1502,3.4126011085510255,0.044382735311985014,-0.7451207965977744
1503,3.55606609916687,0.01143708002567291,-0.18427502124289674
1504,3.5368205680847167,0.011855355620384214,-0.19205364948670933
1505,3.455630096435547,0.013703285872936247,-0.2272049694624485
1506,3.474724895477295,0.013191654503345487,-0.21752009708261255
1507,3.5375945377349853,0.007081364274024962,-0.11469142092138895
1508,3.5517140178680418,0.0011080847978591907,-0.01787547642648235
1509,3.4620966205596924,-0.005674497067928316,0.09390969615903089
1510,3.7244143714904787,-0.01919622051715851,0.2953088913525619
1511,3.4146710605621338,-0.015157491743564608,0.2543303836576598
1512,3.4022405586242677,-0.019150759100914003,0.32250690793661363
1536,1.3695549993515015,0.5797184953689575,-22.942438960480885
1537,nan,nan,nan
1538,nan,nan,nan
1539,1.3013074750900269,0.5483117094039917,-22.84834192518322
1540,nan,nan,nan
1541,0.9544733505249023,0.45705831360816956,-25.587857256117232
1542,1.0794709825515747,0.4923387966156006,-24.51738098612209
1543,3.959935791015625,-0.628102056980133,9.012841784439075
1544,3.957964183807373,-0.630728641986847,9.054342460861946
1545,3.964405529022217,-0.6374695229530334,9.134866816825891
1546,3.9097391242980954,-0.6171322393417358,8.969838582530585
1547,3.931574275970459,-0.6187431144714355,8.943735056575477
1548,4.103476280212402,-0.6367228555679321,8.820059636187935
1561,4.049136444091797,-0.4055813601016998,5.71994769686998
1562,3.8485566253662107,-0.36908420133590697,5.478025558027838
1563,4.262418273925781,-0.3959040732383728,5.306550145441221
1564,3.597704933166504,-0.31959089255332945,5.076367075569166
1565,3.7518225593566896,-0.32103280544281004,4.890724211163274
1567,3.9242182769775393,-0.31303005146980284,4.5607565675663295
1568,4.344435947418213,-0.3275626344680786,4.311840006154583
1569,3.8797370529174806,-0.27327080702781675,4.028996770984577
1570,4.326489093780518,-0.2968908929824829,3.9255778476327237
1571,4.221949813842773,-0.2789094531536102,3.7795684514766066
1572,4.206992832183838,-0.2703676178455353,3.6771276108618025
1573,4.167976295471192,-0.2574809744358063,3.5350127540014142
1574,4.352745895385742,-0.2591411595344544,3.4070883328896144
1575,4.594629692077636,-0.2712094779014588,3.378106552885072
1576,4.777916069030762,-0.2983747289180756,3.5734075049214056
1577,4.8070837631225585,-0.2929973170757294,3.487929052826402
1578,4.866535312652588,-0.26085687041282657,3.0682420146934817
1579,4.675756549835205,-0.2379014825820923,2.912685202836343
1580,4.88354594039917,-0.24184574747085572,2.8351180916107808
1581,4.703227771759034,-0.22375859880447388,2.723823799147411
1582,4.409686382293701,-0.13769500517845154,1.7885126830235691
1583,4.124546314239502,-0.17645750212669373,2.449750293791439
1584,4.5480870933532715,-0.19500219297409058,2.45509014336524
1585,4.413942901611328,-0.18069922399520874,2.344281538898713
1586,4.406851898193359,-0.19901889038085938,2.5857913892744193
1587,4.482635929107666,-0.120589923620224,1.5409745000940944
1588,4.692103858947754,-0.20315272784233093,2.4791711943383063
1589,4.989790477752686,-0.18159276127815246,2.0842376297535736
1590,4.674285419464112,-0.1591765570640564,1.9503776837031381
1591,4.318489269256592,-0.16478082418441772,2.185177999313993
1592,4.5775296669006345,-0.150356800198555,1.8813015996879017
1593,4.580280178070068,-0.13439753937721252,1.6807275167014808
1594,4.522801792144776,-0.12841524469852447,1.6263536866265298
1595,4.726359325408936,-0.13324699091911316,1.6148726755239124
1596,4.531204555511475,-0.14738920819759369,1.8630373100895383
1597,4.941568126678467,-0.13355757784843444,1.5481771931260937
1598,4.53117977142334,-0.11363035929203033,1.4365300158761016
1599,4.811101821899414,-0.1207744379043579,1.4380100018145754
1600,4.817605445861816,-0.14441261386871337,1.7169850061246308
1601,4.272846618652344,-0.09234362041950225,1.2380683612126973
1602,4.897399387359619,-0.1432699054479599,1.675669012156476
1603,5.023211483001709,-0.11530993282794952,1.3150177717118794
1604,4.308234996795655,-0.08505059385299682,1.1309520440169933
1605,4.799615657806396,-0.13102116787433624,1.563686886157214
1606,4.427804237365723,-0.08601304495334625,1.1128686908739667
1607,5.664598274230957,-0.12927946054935455,1.3073975379254392
1608,4.99203524017334,-0.11026115322113036,1.2653099150442415
1609,4.655155075073242,-0.08664592707157134,1.0663173789291136
1610,4.678766662597656,-0.01508145588636399,0.18468558934382884
1611,4.769687152862549,-0.0858294050693512,1.0309128912133616
1612,4.787698143005371,-0.08568000805377961,1.0252481960536954
1613,5.074816879272461,-0.09436364686489106,1.0652632081586262
1614,4.903131225585938,-0.08894543564319611,1.039262244429537
1615,4.752197525024414,-0.11256657755374909,1.3569267523907627
1616,4.769085781097412,-0.080854656457901,0.9712944991882893
1617,5.239167079925537,-0.1303426665067673,1.4251396020305975
1618,4.702734928131104,-0.11337370300292969,1.381021208653209
1619,4.140352199554443,-0.09108381795883179,1.2602494820002619
1620,4.52045630645752,-0.10979413318634033,1.3913426975608587
1621,5.021532901763916,-0.13393520641326906,1.5278408459690382
1622,4.703686645507813,-0.09625175130367279,1.172282504737268
1623,4.8715318641662595,-0.14000491333007814,1.646193322463489
1624,4.966863647460937,-0.1474462423324585,1.7003823067851727
1625,4.7546701278686525,-0.14690896606445314,1.7697519385503284
1626,4.7386374740600585,-0.15055843925476076,1.8198189232488033
1627,5.297094009399414,-0.18470221495628358,1.9970141414144393
1628,4.749218978881836,-0.1392903152704239,1.6799520241239634
1629,5.017227657318115,-0.15529477334022523,1.7728705681155503
1630,5.219439483642578,-0.17424170207977296,1.9120076118813074
1631,5.0160919876098635,-0.17395238113403322,1.9861567070029054
1632,4.803682315826416,-0.17807331013679506,2.1229920543997594
1633,4.653827293395996,-0.0888420147895813,1.0936491521458436
1634,4.711299087524414,-0.19058039116859438,2.3164527894033426
1635,4.8389598083496095,-0.20585282969474794,2.4359349198929436
1636,4.981200634002685,-0.2223968737125397,2.5564008534454956
1637,4.796958354949951,-0.21704118776321413,2.5906142321789503
1638,4.677941677093505,-0.22114314556121828,2.7065627829537675
1639,4.926541652679443,-0.14445895576477052,1.6795793254380698
1640,4.632602508544922,-0.23063862943649294,2.850172906926147
1641,4.490159225463867,-0.22782300829887392,2.904599171144767
1642,4.805790584564209,-0.25942315578460695,3.0899056392480446
1643,4.739314945220947,-0.2601615083217621,3.142059755442915
1644,4.7308949241638185,-0.26842312932014467,3.2473857568623288
1645,4.703445213317871,-0.27335916471481325,3.326227178420069
1646,4.758057270050049,-0.2837559175491333,3.412902025089764
1647,4.563993431091308,-0.27578567385673525,3.457972789745895
1648,4.715769165039062,-0.3459165713787079,4.195312710304719
1649,4.661630256652832,-0.2927053294181824,3.59290436610479
1650,4.776498794555664,-0.1991410574913025,2.387384261935651
1651,4.501451866149902,-0.2961806209087372,3.764446394209628
1652,4.49398918914795,-0.30034278345108034,3.823512037930115
1653,4.480311561584473,-0.2998752446174622,3.829197445573314
1654,4.491114131927491,-0.30532653641700747,3.889245329705531
1655,4.5776750869750975,-0.2088342459201813,2.6120312813137474
1656,4.483795688629151,-0.3092257401943207,3.9451665330905996
1657,4.562159004211425,-0.21204692339897158,2.6611646197572867
1658,4.526015048980713,-0.21058601355552675,2.663931554531331
1659,4.4113201332092284,-0.3141327819824219,4.073191508280928
1660,4.432144058227539,-0.20956393003463747,2.707085467299464
1661,4.321655799865723,-0.31589620232582094,4.180663027119465
1662,4.465550773620605,-0.21657486677169802,2.7766139022517535
1663,4.442122303009033,-0.21466756486892702,2.7666920094962535
1664,4.2935940284729,-0.31865803027153017,4.244543885412355
1665,4.381058517456054,-0.21645811820030214,2.8285537859993894
1666,4.3846147384643555,-0.21704856181144716,2.833960146430087
1667,4.288677093505859,-0.3285514178276062,4.380817548702765
1668,4.322209060668945,-0.2187693479061127,2.897562910973747
1669,4.277556091308593,-0.2126265528202057,2.845686870529093
1670,4.306518455505371,-0.21884352588653566,2.9090863159631226
1671,4.319744571685791,-0.21521680879592897,2.8522120043836168
1672,4.197560855865478,-0.3840804033279419,5.2280547272169
1673,4.221156490325928,-0.21087705421447756,2.8599576578744887
1674,4.126558643341064,-0.32709122729301454,4.532068109458606
1675,4.034700817108154,-0.3208817644119263,4.547190837361356
1676,4.117899665832519,-0.32805080246925356,4.554825577004721
1677,4.082054210662841,-0.20809511375427248,2.918300174356716
1678,3.9204560890197753,-0.31433118414878847,4.584009251897797
1679,3.8949574508666993,-0.3093133373260498,4.540546003963911
1680,3.927226276397705,-0.3086514277458191,4.493794375136531
1681,3.821272117614746,-0.35064689350128175,5.242882613085783
1682,3.849656223297119,-0.2967285318374634,4.4075994489522685
1683,3.9243962402343753,-0.30322886538505556,4.418331145544087
1684,3.814434959411621,-0.2957376940250397,4.433341283917429
1685,3.95988911819458,-0.17471692991256715,2.5263470913797335
1686,3.79780810546875,-0.28740045166015626,4.32762956020467
1687,3.8398925514221194,-0.2873986933231354,4.2803507726097365
1688,3.8451801376342774,-0.15706454157829286,2.339067363541915
1689,3.9035206565856932,-0.15247677206993104,2.236913060741287
1690,3.6955278549194337,-0.2668868446350098,4.130665144705418
1691,3.828142696380615,-0.14599485635757448,2.184045334783022
1692,3.6760561904907227,-0.31945563793182374,4.966624866571479
1693,3.688482173919678,-0.2686515295505524,4.165796465195044
1694,3.6643045196533204,-0.2675075376033783,4.175392870893717
1695,3.5969739112854002,-0.31450095915794374,4.996941458885331
1696,3.6849424896240235,-0.2655946328639984,4.122501871841209
1697,3.6316414566040036,-0.2624929859638214,4.134117156571861
1698,3.618468105316162,-0.2547643496990204,4.027360085501428
1699,3.6067956924438476,-0.1149083708524704,1.824760568653673
1700,3.5811302337646485,-0.24890177297592164,3.9758742727594267
1701,3.5120606727600094,-0.2448229675292969,3.987592685809915
1702,3.542051097869873,-0.23908314657211305,3.861522025563403
1703,3.513781776428223,-0.23766887736320497,3.869538440065085
1704,3.5254211235046387,-0.23537988018989564,3.8197671004167972
1705,3.473318714141846,-0.23637474131584169,3.893228910816134
1706,3.457941017150879,-0.23595065426826478,3.9034945479323824
1707,3.495577194213867,-0.09264906501770019,1.5182493721567596
1708,3.484076110839844,-0.09259045875072479,1.5222957185792296
1709,3.37928946685791,-0.23058269381523133,3.90347402123885
1710,3.352771900177002,-0.22941789984703065,3.9144385783702376
1711,3.3316667671203612,-0.22874597668647767,3.9276566680625677
1712,3.304292324066162,-0.2275242006778717,3.939007425769404
1713,3.304308982849121,-0.22699078583717347,3.929781912235356
1714,3.275245105743408,-0.2256566550731659,3.9413154868296516
1715,3.30096838760376,-0.22332386541366578,3.870393442580962
1716,3.3491926612854,-0.23445246982574464,4.004325875705135
1717,3.2603186225891116,-0.23271091151237489,4.082662067007362
1718,3.3391678047180173,-0.09510379898548126,1.6314165505334444
1719,3.1802044982910154,-0.3148850040435791,5.65465760648766
1720,3.1262497940063474,-0.30032874512672425,5.487381582138525
1721,3.1465825042724607,-0.2490748600959778,4.525939866746299
1722,3.09221724319458,-0.3200804727077484,5.909733049106535
1723,3.098011665344238,-0.2644765512943268,4.879496695667996
1724,3.2228508682250974,-0.13970865178108216,2.482183633677863
1725,3.1575393333435056,-0.2809998528957367,5.085543363578111
1726,3.0480712471008298,-0.2801739113330841,5.251780287781855
1727,2.996243309020996,-0.2871261672973633,5.473866398639558
1728,2.941575660705566,-0.29381908345222474,5.704065401934827
1729,2.9681625671386715,-0.29321066904067994,5.641673709765001
1730,2.9258941154479983,-0.29392902421951295,5.736564945558271
1731,2.9011298789978026,-0.29507249665260316,5.807554527209589
1732,2.8970384407043457,-0.2954852886199951,5.8237802543403205
1733,2.9336808891296386,-0.3097181327342987,6.02657585200258
1734,3.004384220123291,-0.3201379187107086,6.082310606404917
1735,2.9210587310791016,-0.3170874722003937,6.19532688455574
1736,2.9853336029052735,-0.16758349609375,3.212960950863831
1737,2.909626136779785,-0.3212518401145935,6.300508234621034
1738,2.898047950744629,-0.16348943185806275,3.2288410818718773
1739,2.941493839263916,-0.16292408180236817,3.1702714039017934
1740,2.839636001586914,-0.3128964183330536,6.287993063016145
1741,2.8419847259521482,-0.31736906147003174,6.371913401215437
1742,2.8279600753784178,-0.3137133297920227,6.3300956695587445
1743,2.7911501235961915,-0.3214694139957428,6.570065725442518
1744,2.8630493621826174,-0.13803205370903016,2.760181241526695
1745,2.7322556877136233,-0.2995782542228699,6.257202528989069
1746,2.8626871643066405,-0.13789235734939576,2.7577404301457733
1747,2.667603370666504,-0.29116301918029786,6.229049893314581
1748,2.7701521263122557,-0.11677393996715546,2.413836771624773
1749,2.5970563201904295,-0.293470374584198,6.447140580582314
1750,2.7762062492370605,-0.11688491094112397,2.410865268023855
1751,2.6795436248779296,-0.10233023154735565,2.187030102740806
1752,2.7189912338256836,-0.10802405464649201,2.275133862142809
1753,2.591874855041504,-0.2714136927127838,5.978061882995746
1754,2.60341597366333,-0.2721796591281891,5.968426957679
1755,2.690969371795654,-0.09659401667118073,2.0557849324059987
1756,2.5657632751464843,-0.2771609981060028,6.165345156432295
1757,2.535797294616699,-0.27869206261634827,6.271814609324551
1758,2.5289573669433594,-0.27887373757362366,6.292708497715282
1759,2.493443386077881,-0.2855947742462158,6.534087027167445
1760,2.4389687843322756,-0.27844725346565247,6.513029654040139
1761,2.4798131217956545,-0.2859714159965515,6.578276643162255
1762,2.4763130340576174,-0.2930616567134857,6.749331315833473
1763,2.468496067047119,-0.2998692820072174,6.926269914269469
1764,2.412637351989746,-0.3022455105781555,7.140585084828388
1765,2.3895068321228026,-0.30749256706237793,7.332781504335529
1766,2.511322887420654,-0.11887119507789612,2.710021105418221
1768,2.2656861457824706,-0.3890835771560669,9.74428880231899
1792,2.0335235939025877,-0.3391123468875885,9.467578726275093
1832,1.1873274307250976,-0.488695369720459,22.3717107980234
1833,1.1695888404846193,-0.48571783256530765,22.55259318983269
1835,1.1026049041748047,-0.4595530624389649,22.625813414683563
1979,0.2726751480102543,1.0913262634277343,-75.97148582975147
1981,0.1490684967041016,1.0572235851287841,-81.97420449907307
1982,0.2327841529846193,1.0804356136322022,-77.84126025873408
1983,0.15239017486572237,1.057349542617798,-81.79873772051009
1984,0.26506613159179704,1.099418692588806,-76.44487178056522
1985,0.24162525177001992,1.0882627553939819,-77.48177465012152
1986,0.22679891204833957,1.0682018585205078,-78.01305629419335
2027,0.15595356369018543,-0.15981568408012392,45.70074007114758
2029,0.1323884792327883,-0.12659084606170656,43.71756389409319
2031,0.02160043907165532,-0.02867231464385986,53.00726531955982
2032,0.102994125366211,-0.029418398857116695,15.941027148267665
2039,0.37540111923217756,-0.20482909560203552,28.6180871769958
2090,1.8568565979003906,-0.21066858220100404,6.472781592563379
2091,0.5789524765014646,-0.24825723814964296,23.20985559258702
2094,0.5846336631774904,-0.24544447398185731,22.773935790893077
2095,0.6043329839706422,-0.2361615700721741,21.344590884431895
2096,0.5834362964630126,-0.24238645362854006,22.56026100526674
2101,0.581962300300598,-0.2424581370353699,22.617670823982706
2104,nan,nan,nan
2105,nan,nan,nan
2106,nan,nan,nan
2107,nan,nan,nan
2108,nan,nan,nan
2109,0.4756068410873415,-0.22783216643333437,25.59603660404123
2110,0.554936721801758,-0.19856756734848025,19.688235281360704
2111,0.5164846782684327,-0.20148785424232485,21.311448032390743
